maintenance_id,asset_tag,category_name,issue_description,priority,status,raised_date,resolved_date,technician
M-00001,AF-0001,HVAC/Appliances,Screen flickering,Medium,Pending,2026-02-03,,
M-00002,AF-0001,HVAC/Appliances,Leaking fluid,Low,Approved,2025-06-21,,
M-00003,AF-0001,HVAC/Appliances,Screen flickering,Medium,Resolved,2025-04-09,2025-04-22,Brandon Reyes
M-00004,AF-0002,HVAC/Appliances,Motor failure,High,Resolved,2026-04-19,2026-04-20,Marvin Robles
M-00005,AF-0002,HVAC/Appliances,Software crash,Low,Pending,2025-06-07,,
M-00006,AF-0002,HVAC/Appliances,AC not cooling,Low,Technician Assigned,2025-10-21,,Zachary Stephens
M-00007,AF-0003,Electronics,Overheating,Critical,Resolved,2025-02-07,2025-02-25,James Reeves
M-00008,AF-0003,Electronics,Physical damage,Low,Pending,2024-05-24,,
M-00009,AF-0004,Heavy Equipment,Software crash,Low,Resolved,2026-07-10,2026-07-12,Richard Cooper
M-00010,AF-0005,Electronics,Unusual vibration,Low,Resolved,2025-10-08,2025-10-13,Erica Nelson
M-00011,AF-0006,HVAC/Appliances,Unusual vibration,Medium,Resolved,2026-04-27,2026-05-05,Kyle Johnson
M-00012,AF-0006,HVAC/Appliances,Leaking fluid,Critical,Resolved,2025-06-26,2025-06-28,Diana Stokes
M-00013,AF-0006,HVAC/Appliances,Motor failure,Low,Resolved,2024-10-14,2024-10-17,Hunter Silva
M-00014,AF-0007,Electronics,Physical damage,Low,Resolved,2025-03-05,2025-03-15,Christopher Wright
M-00015,AF-0007,Electronics,Overheating,Low,Resolved,2024-10-19,2024-11-02,Joseph Moody
M-00016,AF-0008,IT Peripherals,Parts worn out,High,Approved,2025-10-29,,
M-00017,AF-0008,IT Peripherals,Battery not charging,Medium,Approved,2024-05-07,,
M-00018,AF-0008,IT Peripherals,Noisy compressor,Medium,Resolved,2026-04-18,2026-04-28,Pamela Gould
M-00019,AF-0010,Vehicles,Overheating,Medium,Rejected,2023-02-12,,
M-00020,AF-0010,Vehicles,Unusual vibration,Medium,Resolved,2026-03-20,2026-03-25,Vickie Price
M-00021,AF-0010,Vehicles,Battery not charging,High,Technician Assigned,2023-01-14,,Wendy Thompson
M-00022,AF-0010,Vehicles,Unusual vibration,High,In Progress,2025-05-23,,Evan Rojas
M-00023,AF-0011,IT Peripherals,Physical damage,Medium,Resolved,2026-06-28,2026-07-04,Kevin Warner
M-00024,AF-0011,IT Peripherals,Physical damage,Medium,Resolved,2025-09-28,2025-10-11,Keith Thomas
M-00025,AF-0013,Vehicles,AC not cooling,Medium,Resolved,2026-02-24,2026-03-08,Sara Cochran
M-00026,AF-0013,Vehicles,Leaking fluid,Medium,In Progress,2026-03-11,,Kimberly Thompson
M-00027,AF-0013,Vehicles,Parts worn out,Critical,Technician Assigned,2025-12-29,,Anthony Guzman
M-00028,AF-0014,Vehicles,Not turning on,High,Resolved,2026-03-28,2026-04-14,John Rivera
M-00029,AF-0014,Vehicles,Unusual vibration,Critical,Approved,2026-01-21,,
M-00030,AF-0016,HVAC/Appliances,Parts worn out,Low,Resolved,2025-12-19,2026-01-01,Renee Peterson
M-00031,AF-0016,HVAC/Appliances,Screen flickering,Medium,Resolved,2025-12-31,2026-01-03,Robert Oneill
M-00032,AF-0017,Heavy Equipment,Unusual vibration,Low,Resolved,2025-11-03,2025-11-23,Charles Bush
M-00033,AF-0017,Heavy Equipment,Battery not charging,Low,Approved,2025-10-14,,
M-00034,AF-0018,Heavy Equipment,Parts worn out,Low,Resolved,2026-02-11,2026-02-21,Brian Fox
M-00035,AF-0018,Heavy Equipment,Overheating,Low,In Progress,2026-06-04,,Benjamin Bush
M-00036,AF-0019,Heavy Equipment,Parts worn out,Medium,Resolved,2026-04-25,2026-05-07,Laurie Rogers
M-00037,AF-0019,Heavy Equipment,Overheating,Critical,Resolved,2026-06-01,2026-06-05,William Oconnor
M-00038,AF-0021,Heavy Equipment,Physical damage,Medium,Resolved,2026-06-29,2026-07-12,Mark Freeman
M-00039,AF-0021,Heavy Equipment,Motor failure,Low,Rejected,2025-11-24,,
M-00040,AF-0022,HVAC/Appliances,Overheating,Medium,Resolved,2025-08-12,2025-08-24,Michael Hoffman
M-00041,AF-0022,HVAC/Appliances,Software crash,Low,Pending,2024-05-20,,
M-00042,AF-0022,HVAC/Appliances,Not turning on,Low,In Progress,2024-03-25,,Lisa Kelly
M-00043,AF-0024,Electronics,Software crash,Critical,Resolved,2026-07-08,2026-07-09,Robin Gray
M-00044,AF-0024,Electronics,Battery not charging,Low,Resolved,2026-07-08,2026-07-12,Elizabeth Thompson
M-00045,AF-0025,Vehicles,Noisy compressor,Medium,Resolved,2026-07-01,2026-07-12,Michael Berry
M-00046,AF-0025,Vehicles,Battery not charging,High,Technician Assigned,2025-05-07,,Patricia Bradley
M-00047,AF-0025,Vehicles,Motor failure,High,Pending,2023-07-05,,
M-00048,AF-0025,Vehicles,Leaking fluid,Medium,Approved,2025-10-03,,
M-00049,AF-0025,Vehicles,Unusual vibration,Medium,Resolved,2024-04-06,2024-04-24,Evan Lamb
M-00050,AF-0026,HVAC/Appliances,Software crash,Low,Resolved,2025-11-23,2025-12-04,Margaret Garcia
M-00051,AF-0026,HVAC/Appliances,Battery not charging,Low,In Progress,2026-01-07,,Gary Miller MD
M-00052,AF-0028,Electronics,Motor failure,Medium,Pending,2026-06-27,,
M-00053,AF-0029,Electronics,Unusual vibration,Critical,Technician Assigned,2025-02-08,,Mark Mccarty
M-00054,AF-0029,Electronics,AC not cooling,Low,Resolved,2026-04-07,2026-04-15,Meagan Daniel
M-00055,AF-0031,HVAC/Appliances,Motor failure,Low,Resolved,2026-05-14,2026-05-25,Adam Clark
M-00056,AF-0031,HVAC/Appliances,Unusual vibration,Medium,In Progress,2025-12-16,,Hayley Buchanan
M-00057,AF-0031,HVAC/Appliances,Unusual vibration,Medium,Resolved,2026-04-17,2026-05-07,Amber Kim
M-00058,AF-0033,Heavy Equipment,Not turning on,Low,Resolved,2024-10-12,2024-10-26,Christopher Gutierrez
M-00059,AF-0033,Heavy Equipment,Noisy compressor,High,Approved,2026-06-19,,
M-00060,AF-0033,Heavy Equipment,Overheating,Low,Approved,2025-06-01,,
M-00061,AF-0033,Heavy Equipment,Battery not charging,Critical,Approved,2026-04-09,,
M-00062,AF-0033,Heavy Equipment,Leaking fluid,Critical,In Progress,2025-08-25,,Heather Bennett
M-00063,AF-0034,Heavy Equipment,Motor failure,Medium,Resolved,2026-05-15,2026-06-04,Rachel Lane
M-00064,AF-0034,Heavy Equipment,Battery not charging,Low,Resolved,2026-05-25,2026-05-29,Courtney Hayes
M-00065,AF-0035,Electronics,Overheating,Medium,Resolved,2026-02-12,2026-02-20,Amanda Smith
M-00066,AF-0035,Electronics,AC not cooling,Medium,Resolved,2026-04-25,2026-04-26,Brian Peterson
M-00067,AF-0035,Electronics,Physical damage,Medium,Resolved,2026-03-11,2026-03-12,Candace Jones
M-00068,AF-0036,Heavy Equipment,Parts worn out,Low,Pending,2025-01-02,,
M-00069,AF-0036,Heavy Equipment,Unusual vibration,Low,In Progress,2023-09-28,,Vanessa Morgan
M-00070,AF-0036,Heavy Equipment,Software crash,Critical,Approved,2025-02-14,,
M-00071,AF-0037,Vehicles,Software crash,Low,Resolved,2026-06-21,2026-07-08,Dr. Michele Reynolds
M-00072,AF-0037,Vehicles,Parts worn out,Low,Resolved,2026-06-25,2026-07-01,Lisa Hamilton
M-00073,AF-0037,Vehicles,Leaking fluid,Low,Approved,2026-05-28,,
M-00074,AF-0037,Vehicles,Motor failure,High,Resolved,2026-06-17,2026-06-20,Gary Mccann
M-00075,AF-0039,Vehicles,Software crash,High,Resolved,2025-08-01,2025-08-21,Julian Frost
M-00076,AF-0039,Vehicles,Parts worn out,High,Resolved,2023-01-13,2023-01-17,Mary Evans
M-00077,AF-0039,Vehicles,Parts worn out,Medium,Resolved,2024-08-15,2024-09-01,James Dunn
M-00078,AF-0039,Vehicles,Motor failure,Low,Approved,2024-07-25,,
M-00079,AF-0039,Vehicles,Unusual vibration,Low,Technician Assigned,2023-03-22,,Anthony Smith Jr.
M-00080,AF-0040,Heavy Equipment,Overheating,High,Resolved,2025-07-28,2025-08-15,Lori Castillo
M-00081,AF-0040,Heavy Equipment,Overheating,High,Resolved,2026-02-09,2026-02-20,Daniel Little
M-00082,AF-0040,Heavy Equipment,Overheating,Medium,Resolved,2026-04-06,2026-04-21,Kara Wilson
M-00083,AF-0040,Heavy Equipment,Battery not charging,High,Resolved,2024-06-03,2024-06-15,Kaitlin Jacobson
M-00084,AF-0040,Heavy Equipment,Noisy compressor,Low,Pending,2024-10-01,,
M-00085,AF-0040,Heavy Equipment,Motor failure,Low,Approved,2026-03-24,,
M-00086,AF-0041,Vehicles,Battery not charging,High,Approved,2026-03-15,,
M-00087,AF-0041,Vehicles,Parts worn out,Medium,Resolved,2025-09-27,2025-10-08,Martin Hughes
M-00088,AF-0041,Vehicles,Noisy compressor,Medium,In Progress,2024-09-24,,James Lopez
M-00089,AF-0041,Vehicles,Motor failure,High,Pending,2024-07-12,,
M-00090,AF-0042,Vehicles,Software crash,Medium,Approved,2024-08-26,,
M-00091,AF-0042,Vehicles,Motor failure,Low,Approved,2026-06-07,,
M-00092,AF-0042,Vehicles,Screen flickering,Medium,Approved,2026-02-20,,
M-00093,AF-0042,Vehicles,Battery not charging,High,Resolved,2025-08-12,2025-08-31,Jeremiah Baker
M-00094,AF-0043,Electronics,Battery not charging,Low,Pending,2025-03-14,,
M-00095,AF-0043,Electronics,Motor failure,Medium,Resolved,2026-01-31,2026-02-12,Kristy Hernandez
M-00096,AF-0043,Electronics,Unusual vibration,Low,Resolved,2026-04-12,2026-04-19,Anne Barnett
M-00097,AF-0043,Electronics,Overheating,High,Approved,2025-04-08,,
M-00098,AF-0044,Heavy Equipment,Motor failure,High,Resolved,2025-07-07,2025-07-22,Jennifer Avila
M-00099,AF-0044,Heavy Equipment,Physical damage,Low,Resolved,2026-06-12,2026-07-02,Antonio Hughes
M-00100,AF-0044,Heavy Equipment,Software crash,Medium,Approved,2024-12-10,,
M-00101,AF-0045,Electronics,Physical damage,Low,Resolved,2026-04-16,2026-05-03,Tracie Mcdaniel
M-00102,AF-0045,Electronics,Overheating,Low,Resolved,2026-03-19,2026-03-30,Laura Young
M-00103,AF-0045,Electronics,Noisy compressor,High,Resolved,2026-05-16,2026-05-17,James Nash
M-00104,AF-0045,Electronics,Battery not charging,High,Technician Assigned,2026-06-15,,Kenneth Black
M-00105,AF-0045,Electronics,Overheating,Low,Approved,2026-04-28,,
M-00106,AF-0046,Heavy Equipment,Battery not charging,High,Resolved,2026-01-11,2026-01-30,Vickie Hernandez
M-00107,AF-0047,HVAC/Appliances,Parts worn out,Low,Pending,2025-07-03,,
M-00108,AF-0047,HVAC/Appliances,Screen flickering,Low,Resolved,2025-06-07,2025-06-08,Joann Rush
M-00109,AF-0047,HVAC/Appliances,Overheating,High,Technician Assigned,2025-12-03,,Daniel Lee
M-00110,AF-0048,HVAC/Appliances,Not turning on,Low,Resolved,2025-12-09,2025-12-18,Blake Vega
M-00111,AF-0050,IT Peripherals,Motor failure,Critical,Resolved,2025-10-28,2025-11-14,Rodney Hernandez
M-00112,AF-0052,Heavy Equipment,Software crash,Low,Approved,2026-07-04,,
M-00113,AF-0052,Heavy Equipment,Screen flickering,Low,Resolved,2026-06-22,2026-06-29,Emma Acosta
M-00114,AF-0052,Heavy Equipment,Overheating,Medium,In Progress,2026-06-21,,Angie Hawkins
M-00115,AF-0052,Heavy Equipment,Not turning on,Medium,Resolved,2026-07-04,2026-07-12,Shannon Stone
M-00116,AF-0052,Heavy Equipment,Not turning on,High,In Progress,2026-07-09,,Alexandria Graves
M-00117,AF-0053,Electronics,Software crash,Low,Resolved,2025-10-15,2025-10-18,Rachael Rodriguez
M-00118,AF-0053,Electronics,Overheating,Medium,Approved,2025-08-22,,
M-00119,AF-0054,Vehicles,Motor failure,Critical,Resolved,2026-06-23,2026-06-27,Keith Aguilar
M-00120,AF-0055,Vehicles,Screen flickering,Medium,Resolved,2025-02-08,2025-02-21,Ariel Garcia
M-00121,AF-0055,Vehicles,AC not cooling,Low,Resolved,2025-10-15,2025-10-21,Rachel Dillon
M-00122,AF-0056,IT Peripherals,Unusual vibration,High,Resolved,2026-05-09,2026-05-20,Sherry Baker
M-00123,AF-0056,IT Peripherals,Noisy compressor,Low,Resolved,2024-10-26,2024-11-03,Laura Kennedy
M-00124,AF-0056,IT Peripherals,Not turning on,High,Resolved,2025-04-11,2025-04-18,Jamie Montgomery
M-00125,AF-0058,Vehicles,Physical damage,High,Resolved,2025-10-24,2025-11-01,Jennifer Foster
M-00126,AF-0059,Heavy Equipment,Overheating,Low,Pending,2025-04-01,,
M-00127,AF-0059,Heavy Equipment,Unusual vibration,High,Resolved,2023-10-26,2023-11-03,Melissa Williams
M-00128,AF-0059,Heavy Equipment,Unusual vibration,Medium,In Progress,2025-06-07,,Derrick Watson
M-00129,AF-0059,Heavy Equipment,Unusual vibration,High,Resolved,2023-08-18,2023-08-29,Riley Collins
M-00130,AF-0059,Heavy Equipment,Parts worn out,Low,Pending,2026-03-01,,
M-00131,AF-0059,Heavy Equipment,Screen flickering,Critical,Rejected,2025-12-17,,
M-00132,AF-0059,Heavy Equipment,Not turning on,Medium,Pending,2023-10-27,,
M-00133,AF-0060,HVAC/Appliances,Overheating,Low,In Progress,2021-11-29,,Shannon Cohen
M-00134,AF-0060,HVAC/Appliances,Unusual vibration,Medium,In Progress,2022-08-25,,Crystal Turner
M-00135,AF-0061,Heavy Equipment,Noisy compressor,Low,Resolved,2024-04-25,2024-05-07,Patricia Flores
M-00136,AF-0061,Heavy Equipment,Noisy compressor,High,Pending,2025-09-05,,
M-00137,AF-0062,Furniture,Leaking fluid,Critical,Resolved,2024-04-08,2024-04-21,Lisa Davis
M-00138,AF-0062,Furniture,Unusual vibration,Medium,Resolved,2024-08-30,2024-09-18,Thomas Russell
M-00139,AF-0063,Vehicles,Noisy compressor,Critical,Pending,2026-03-04,,
M-00140,AF-0063,Vehicles,Physical damage,Low,Resolved,2026-03-06,2026-03-17,Mr. James Brown
M-00141,AF-0065,IT Peripherals,AC not cooling,Low,Resolved,2026-04-07,2026-04-09,Ana Mckinney
M-00142,AF-0066,Electronics,AC not cooling,High,Pending,2026-06-25,,
M-00143,AF-0066,Electronics,Not turning on,Medium,In Progress,2023-09-20,,Richard Warren
M-00144,AF-0067,Heavy Equipment,Screen flickering,Medium,Resolved,2025-06-18,2025-06-24,Carrie Golden
M-00145,AF-0067,Heavy Equipment,Screen flickering,Low,In Progress,2024-06-07,,Anthony Johnson
M-00146,AF-0067,Heavy Equipment,Physical damage,Medium,Approved,2025-06-29,,
M-00147,AF-0068,Furniture,Overheating,High,Resolved,2026-02-13,2026-02-23,Isaac Gonzalez
M-00148,AF-0070,IT Peripherals,Noisy compressor,Low,Resolved,2026-07-05,2026-07-07,John Sanders
M-00149,AF-0072,Heavy Equipment,Battery not charging,Medium,Resolved,2024-06-29,2024-07-03,Melanie Allen
M-00150,AF-0072,Heavy Equipment,Noisy compressor,Medium,Rejected,2024-12-27,,
M-00151,AF-0072,Heavy Equipment,Software crash,Medium,Approved,2024-05-28,,
M-00152,AF-0073,Vehicles,Leaking fluid,Medium,Resolved,2026-02-03,2026-02-15,Jeremy Horne MD
M-00153,AF-0073,Vehicles,Physical damage,Low,Rejected,2026-02-05,,
M-00154,AF-0073,Vehicles,Physical damage,Medium,Resolved,2026-02-03,2026-02-21,Hailey Monroe
M-00155,AF-0073,Vehicles,Physical damage,Medium,In Progress,2026-04-04,,Ronald Davis
M-00156,AF-0074,HVAC/Appliances,Battery not charging,High,Resolved,2025-09-08,2025-09-27,Anthony Nash
M-00157,AF-0074,HVAC/Appliances,Software crash,High,Resolved,2025-02-09,2025-02-13,Cindy Walker
M-00158,AF-0074,HVAC/Appliances,Leaking fluid,Low,Resolved,2025-04-16,2025-05-05,Daniel Pearson
M-00159,AF-0075,HVAC/Appliances,Unusual vibration,Medium,Resolved,2026-03-01,2026-03-09,Sharon Coffey
M-00160,AF-0076,HVAC/Appliances,Unusual vibration,High,In Progress,2026-04-30,,Kara Anderson
M-00161,AF-0076,HVAC/Appliances,Overheating,Low,Resolved,2026-04-20,2026-04-25,Robert Walker
M-00162,AF-0077,Vehicles,Physical damage,High,Technician Assigned,2026-05-17,,Terri Marquez
M-00163,AF-0078,HVAC/Appliances,Leaking fluid,Low,Resolved,2026-01-27,2026-02-16,Desiree Woodard
M-00164,AF-0079,Vehicles,Overheating,High,Technician Assigned,2025-12-02,,Judy Robinson
M-00165,AF-0079,Vehicles,Physical damage,Low,Resolved,2025-09-05,2025-09-25,Joseph Hanson
M-00166,AF-0080,Heavy Equipment,Physical damage,Medium,Technician Assigned,2026-07-06,,Adrienne Key
M-00167,AF-0081,Heavy Equipment,Not turning on,Low,In Progress,2025-07-16,,Sara Hoffman
M-00168,AF-0081,Heavy Equipment,Physical damage,Medium,Pending,2026-01-09,,
M-00169,AF-0083,Heavy Equipment,Motor failure,Low,Pending,2026-02-24,,
M-00170,AF-0083,Heavy Equipment,Noisy compressor,High,Approved,2025-08-16,,
M-00171,AF-0083,Heavy Equipment,Battery not charging,High,Resolved,2026-05-22,2026-05-29,Diane Cohen
M-00172,AF-0083,Heavy Equipment,AC not cooling,Low,Resolved,2026-04-19,2026-05-06,Mr. Donald Nguyen
M-00173,AF-0083,Heavy Equipment,Battery not charging,Low,Resolved,2025-07-21,2025-08-08,Matthew Farley
M-00174,AF-0083,Heavy Equipment,Overheating,Low,In Progress,2025-07-25,,Chelsea Holmes
M-00175,AF-0083,Heavy Equipment,AC not cooling,Low,Resolved,2025-11-21,2025-11-25,Anthony Mathews
M-00176,AF-0084,Electronics,Noisy compressor,Medium,Rejected,2026-04-28,,
M-00177,AF-0084,Electronics,Screen flickering,Critical,Resolved,2024-09-07,2024-09-11,Jennifer Flores
M-00178,AF-0084,Electronics,Battery not charging,Medium,In Progress,2025-03-26,,Alexander Jimenez
M-00179,AF-0084,Electronics,Screen flickering,High,Technician Assigned,2024-03-05,,Terry Sullivan
M-00180,AF-0085,HVAC/Appliances,Software crash,Low,In Progress,2023-12-30,,Lauren Cooley
M-00181,AF-0085,HVAC/Appliances,Noisy compressor,Critical,Pending,2025-04-20,,
M-00182,AF-0085,HVAC/Appliances,Screen flickering,Low,Resolved,2025-10-20,2025-11-07,Grace Reeves
M-00183,AF-0085,HVAC/Appliances,Not turning on,Medium,Resolved,2025-09-27,2025-10-04,Margaret Alvarez
M-00184,AF-0085,HVAC/Appliances,Leaking fluid,Low,Approved,2024-05-18,,
M-00185,AF-0085,HVAC/Appliances,Unusual vibration,Low,Pending,2025-07-06,,
M-00186,AF-0086,Heavy Equipment,Motor failure,Low,Pending,2026-05-07,,
M-00187,AF-0086,Heavy Equipment,Physical damage,Low,In Progress,2026-05-18,,Heather Evans
M-00188,AF-0087,Electronics,Unusual vibration,Medium,Resolved,2025-02-25,2025-03-09,Matthew Grant
M-00189,AF-0088,Vehicles,Overheating,High,Resolved,2025-05-07,2025-05-13,John Figueroa
M-00190,AF-0088,Vehicles,Not turning on,High,Resolved,2024-03-05,2024-03-18,Kristin Gaines
M-00191,AF-0088,Vehicles,Battery not charging,Low,Rejected,2025-12-08,,
M-00192,AF-0088,Vehicles,Overheating,Low,Resolved,2024-02-01,2024-02-13,Stephanie Pena
M-00193,AF-0088,Vehicles,Motor failure,Low,In Progress,2021-09-22,,Daniel Savage
M-00194,AF-0089,Heavy Equipment,Overheating,Medium,Resolved,2025-04-08,2025-04-21,Stephen Watson
M-00195,AF-0089,Heavy Equipment,Motor failure,Medium,In Progress,2025-10-21,,Julie Wilson
M-00196,AF-0089,Heavy Equipment,Unusual vibration,Low,Resolved,2025-05-05,2025-05-15,Mark Carpenter
M-00197,AF-0089,Heavy Equipment,Noisy compressor,Medium,Pending,2021-12-01,,
M-00198,AF-0089,Heavy Equipment,AC not cooling,Low,Rejected,2024-12-26,,
M-00199,AF-0089,Heavy Equipment,Battery not charging,High,Resolved,2022-05-28,2022-06-06,Kaitlyn Lee
M-00200,AF-0089,Heavy Equipment,Overheating,Low,In Progress,2023-01-23,,Michael Moreno
M-00201,AF-0090,Electronics,AC not cooling,Medium,Resolved,2025-12-08,2025-12-21,Seth Hernandez
M-00202,AF-0090,Electronics,Physical damage,Medium,Resolved,2026-03-01,2026-03-02,Grace Benitez DVM
M-00203,AF-0090,Electronics,AC not cooling,Medium,Approved,2023-05-13,,
M-00204,AF-0090,Electronics,Battery not charging,Medium,Resolved,2024-03-22,2024-04-02,Mrs. Shannon White
M-00205,AF-0091,Electronics,Leaking fluid,Low,Rejected,2026-01-16,,
M-00206,AF-0091,Electronics,Noisy compressor,Low,Technician Assigned,2026-03-13,,Gary Hatfield
M-00207,AF-0092,Vehicles,Software crash,Medium,Pending,2026-03-16,,
M-00208,AF-0093,Heavy Equipment,Battery not charging,High,Pending,2026-04-23,,
M-00209,AF-0093,Heavy Equipment,AC not cooling,Medium,Resolved,2026-05-04,2026-05-05,Anthony Hayes
M-00210,AF-0094,Electronics,Screen flickering,High,Resolved,2026-03-31,2026-04-05,Raymond Johnston
M-00211,AF-0094,Electronics,Overheating,Medium,In Progress,2026-06-02,,Richard Chan
M-00212,AF-0095,Electronics,Screen flickering,High,Resolved,2023-01-06,2023-01-08,Jeffrey Jordan
M-00213,AF-0095,Electronics,Noisy compressor,Low,Resolved,2025-04-02,2025-04-07,John Smith
M-00214,AF-0095,Electronics,Not turning on,Critical,Resolved,2024-12-13,2024-12-26,Monica Dodson
M-00215,AF-0095,Electronics,Screen flickering,Medium,Resolved,2025-03-27,2025-04-07,Nicole Schmidt
M-00216,AF-0096,HVAC/Appliances,Overheating,High,Pending,2025-10-09,,
M-00217,AF-0096,HVAC/Appliances,Physical damage,Low,In Progress,2025-10-24,,Aaron Gross
M-00218,AF-0097,HVAC/Appliances,Motor failure,Medium,In Progress,2026-04-21,,Shawn Collins
M-00219,AF-0097,HVAC/Appliances,Physical damage,Medium,Approved,2026-06-18,,
M-00220,AF-0097,HVAC/Appliances,Overheating,Low,Resolved,2026-04-30,2026-05-09,Jonathan Torres
M-00221,AF-0097,HVAC/Appliances,Unusual vibration,Medium,Pending,2026-04-07,,
M-00222,AF-0097,HVAC/Appliances,Noisy compressor,High,Resolved,2026-04-18,2026-04-30,Angel Fry
M-00223,AF-0098,HVAC/Appliances,Unusual vibration,Low,Resolved,2025-06-28,2025-06-30,Joseph Warren
M-00224,AF-0098,HVAC/Appliances,Motor failure,Low,Technician Assigned,2022-11-16,,Michael Anderson
M-00225,AF-0099,IT Peripherals,Overheating,Medium,Resolved,2026-04-10,2026-04-26,Katherine Christensen MD
M-00226,AF-0099,IT Peripherals,Motor failure,High,Rejected,2026-02-01,,
M-00227,AF-0100,HVAC/Appliances,Leaking fluid,Critical,Resolved,2025-10-02,2025-10-14,Robin Smith
M-00228,AF-0101,IT Peripherals,Overheating,Medium,Technician Assigned,2026-04-26,,William Clark
M-00229,AF-0101,IT Peripherals,Software crash,High,In Progress,2025-05-27,,Jonathan Martinez
M-00230,AF-0101,IT Peripherals,Software crash,Low,Pending,2024-09-12,,
M-00231,AF-0102,Heavy Equipment,Unusual vibration,High,Resolved,2026-02-20,2026-02-24,Rebecca Brooks
M-00232,AF-0102,Heavy Equipment,Unusual vibration,Low,Rejected,2026-03-11,,
M-00233,AF-0102,Heavy Equipment,Noisy compressor,Medium,Resolved,2026-04-21,2026-05-06,Patricia Dean
M-00234,AF-0102,Heavy Equipment,Physical damage,Low,In Progress,2026-05-07,,Amber Rodriguez
M-00235,AF-0103,Electronics,Not turning on,Low,Resolved,2025-05-08,2025-05-15,Amber Wilson
M-00236,AF-0103,Electronics,Leaking fluid,Medium,Resolved,2023-04-19,2023-05-04,Caleb King
M-00237,AF-0103,Electronics,Motor failure,High,Resolved,2025-03-26,2025-04-10,Christine Jennings
M-00238,AF-0104,Heavy Equipment,Parts worn out,Medium,Technician Assigned,2025-04-09,,Jason Garcia
M-00239,AF-0104,Heavy Equipment,Physical damage,High,Resolved,2026-02-20,2026-02-27,Lisa Haynes
M-00240,AF-0104,Heavy Equipment,Overheating,Low,Resolved,2026-01-07,2026-01-11,Steven Hunt
M-00241,AF-0104,Heavy Equipment,Not turning on,Low,Resolved,2025-02-07,2025-02-21,Diane Glover
M-00242,AF-0104,Heavy Equipment,Noisy compressor,High,Resolved,2026-01-13,2026-01-27,Mr. Richard Decker DVM
M-00243,AF-0105,Heavy Equipment,Battery not charging,Low,Pending,2026-06-26,,
M-00244,AF-0105,Heavy Equipment,AC not cooling,Medium,Resolved,2025-04-08,2025-04-28,Jason Martin
M-00245,AF-0106,Vehicles,Physical damage,High,Technician Assigned,2026-07-01,,Susan Watts
M-00246,AF-0106,Vehicles,Physical damage,Low,Pending,2025-01-24,,
M-00247,AF-0107,Heavy Equipment,Not turning on,Low,Technician Assigned,2025-12-20,,Mr. Adam Davis
M-00248,AF-0107,Heavy Equipment,AC not cooling,High,Approved,2025-02-28,,
M-00249,AF-0107,Heavy Equipment,Overheating,Low,Resolved,2025-03-23,2025-03-25,Kenneth Snyder
M-00250,AF-0107,Heavy Equipment,Physical damage,Critical,Pending,2023-12-26,,
M-00251,AF-0107,Heavy Equipment,Not turning on,High,Approved,2024-09-01,,
M-00252,AF-0107,Heavy Equipment,Screen flickering,High,Resolved,2024-07-18,2024-08-01,Penny Jones
M-00253,AF-0107,Heavy Equipment,Unusual vibration,High,Technician Assigned,2025-09-25,,Summer Newman
M-00254,AF-0107,Heavy Equipment,Software crash,Low,Technician Assigned,2024-11-23,,William Baker
M-00255,AF-0108,Furniture,AC not cooling,Medium,Resolved,2025-05-08,2025-05-20,Robert Sawyer
M-00256,AF-0108,Furniture,Unusual vibration,High,Rejected,2025-04-27,,
M-00257,AF-0109,Heavy Equipment,Overheating,High,Resolved,2025-09-30,2025-10-12,Heather Rhodes
M-00258,AF-0110,Heavy Equipment,Screen flickering,Low,Resolved,2026-03-06,2026-03-20,Brian York
M-00259,AF-0111,IT Peripherals,Physical damage,High,Resolved,2026-07-05,2026-07-12,Alexandra Taylor
M-00260,AF-0112,IT Peripherals,Leaking fluid,Medium,Resolved,2026-06-04,2026-06-13,Erin Kline
M-00261,AF-0113,Vehicles,AC not cooling,High,Technician Assigned,2026-03-27,,Debra Quinn
M-00262,AF-0113,Vehicles,Unusual vibration,Medium,Rejected,2026-04-11,,
M-00263,AF-0113,Vehicles,Noisy compressor,Medium,Resolved,2026-05-12,2026-05-29,Grant Wilson
M-00264,AF-0113,Vehicles,Unusual vibration,Low,Approved,2026-04-19,,
M-00265,AF-0115,IT Peripherals,Parts worn out,Low,Approved,2022-11-06,,
M-00266,AF-0117,IT Peripherals,Leaking fluid,Low,Approved,2026-05-05,,
M-00267,AF-0117,IT Peripherals,Parts worn out,Low,In Progress,2026-07-09,,Jesus Houston
M-00268,AF-0117,IT Peripherals,Parts worn out,Medium,Resolved,2026-04-21,2026-05-04,Karen Fisher
M-00269,AF-0117,IT Peripherals,AC not cooling,Medium,Approved,2026-02-27,,
M-00270,AF-0118,Vehicles,Noisy compressor,High,Resolved,2025-11-21,2025-11-29,Carol Anderson
M-00271,AF-0118,Vehicles,Screen flickering,Medium,In Progress,2024-09-24,,Vicki Richard
M-00272,AF-0118,Vehicles,Parts worn out,Medium,Resolved,2024-12-11,2024-12-19,Thomas Webb
M-00273,AF-0119,HVAC/Appliances,Leaking fluid,Medium,In Progress,2026-03-20,,Jessica Carr
M-00274,AF-0119,HVAC/Appliances,Motor failure,Medium,Rejected,2026-05-27,,
M-00275,AF-0122,Heavy Equipment,Unusual vibration,Low,Resolved,2026-03-28,2026-04-04,Lisa Huffman
M-00276,AF-0123,Vehicles,Overheating,High,Technician Assigned,2026-06-27,,Monica Snow
M-00277,AF-0123,Vehicles,AC not cooling,Medium,Pending,2026-06-23,,
M-00278,AF-0124,Electronics,Leaking fluid,Medium,Resolved,2026-01-14,2026-01-16,Mr. Stephen Alexander
M-00279,AF-0124,Electronics,Software crash,Critical,Resolved,2025-09-06,2025-09-17,Matthew Smith
M-00280,AF-0125,HVAC/Appliances,Not turning on,Critical,Approved,2026-01-30,,
M-00281,AF-0126,Heavy Equipment,Unusual vibration,Low,Resolved,2026-06-06,2026-06-22,Kelly Manning
M-00282,AF-0127,Electronics,Noisy compressor,Medium,Approved,2025-05-01,,
M-00283,AF-0127,Electronics,Parts worn out,Low,In Progress,2025-10-21,,Courtney Sosa
M-00284,AF-0127,Electronics,Overheating,Medium,Technician Assigned,2025-02-12,,Kelly Watts
M-00285,AF-0127,Electronics,Parts worn out,Medium,Technician Assigned,2026-04-25,,Jessica Barber
M-00286,AF-0127,Electronics,Noisy compressor,Low,Approved,2022-08-26,,
M-00287,AF-0128,IT Peripherals,Leaking fluid,Low,Resolved,2025-08-02,2025-08-19,Mr. Martin Hernandez
M-00288,AF-0129,Vehicles,Software crash,Medium,Approved,2025-10-16,,
M-00289,AF-0129,Vehicles,Not turning on,High,Resolved,2025-12-19,2026-01-03,Stephanie Salazar
M-00290,AF-0129,Vehicles,AC not cooling,Critical,Resolved,2026-03-16,2026-03-28,Timothy Wagner
M-00291,AF-0131,Vehicles,Software crash,Low,Pending,2021-12-01,,
M-00292,AF-0131,Vehicles,Unusual vibration,Low,Approved,2022-04-12,,
M-00293,AF-0132,Furniture,Leaking fluid,Low,Resolved,2025-10-28,2025-11-10,Jon Martin
M-00294,AF-0134,Electronics,Not turning on,High,Approved,2026-04-20,,
M-00295,AF-0135,Vehicles,Battery not charging,Medium,Pending,2026-06-10,,
M-00296,AF-0135,Vehicles,Software crash,Critical,In Progress,2026-07-11,,Erica Rivera
M-00297,AF-0135,Vehicles,Parts worn out,High,Resolved,2026-07-02,2026-07-12,Jonathon Pierce
M-00298,AF-0136,Heavy Equipment,Physical damage,Critical,Resolved,2026-04-05,2026-04-23,Robert Miller
M-00299,AF-0136,Heavy Equipment,Unusual vibration,High,In Progress,2026-07-04,,Kenneth Miller
M-00300,AF-0138,Vehicles,AC not cooling,High,In Progress,2023-05-30,,Mr. William Mcgee Jr.
M-00301,AF-0138,Vehicles,Unusual vibration,Medium,Pending,2021-07-31,,
M-00302,AF-0139,Heavy Equipment,Not turning on,Low,Technician Assigned,2026-07-09,,Andrew Dunn
M-00303,AF-0139,Heavy Equipment,Battery not charging,Critical,In Progress,2026-06-02,,Rebecca Richmond
M-00304,AF-0139,Heavy Equipment,Overheating,Low,In Progress,2026-07-06,,Stefanie Hart
M-00305,AF-0139,Heavy Equipment,Software crash,Critical,Resolved,2026-06-01,2026-06-17,Joy Peterson
M-00306,AF-0139,Heavy Equipment,Screen flickering,Medium,Resolved,2026-05-22,2026-05-26,Ruth Richard
M-00307,AF-0139,Heavy Equipment,Overheating,Low,Approved,2026-06-06,,
M-00308,AF-0140,HVAC/Appliances,Unusual vibration,Low,Resolved,2025-08-06,2025-08-18,Randall Greene
M-00309,AF-0140,HVAC/Appliances,Motor failure,High,Resolved,2025-02-24,2025-03-04,Heidi Chavez
M-00310,AF-0140,HVAC/Appliances,Unusual vibration,Medium,Technician Assigned,2025-06-28,,Matthew Smith
M-00311,AF-0141,Heavy Equipment,Noisy compressor,Critical,Resolved,2024-07-04,2024-07-11,Mark Marsh
M-00312,AF-0141,Heavy Equipment,Not turning on,High,Resolved,2025-09-04,2025-09-15,Jacqueline Rodriguez
M-00313,AF-0141,Heavy Equipment,AC not cooling,Low,In Progress,2023-10-20,,Katherine Underwood
M-00314,AF-0144,Vehicles,Physical damage,High,In Progress,2025-07-23,,Jennifer King
M-00315,AF-0144,Vehicles,Battery not charging,Low,In Progress,2025-08-17,,Bryan Phelps
M-00316,AF-0144,Vehicles,Motor failure,Critical,Resolved,2024-08-22,2024-08-25,Roger Lee
M-00317,AF-0144,Vehicles,Screen flickering,High,In Progress,2025-03-18,,Peter Williams
M-00318,AF-0144,Vehicles,Overheating,Critical,Pending,2026-04-03,,
M-00319,AF-0146,Vehicles,Software crash,Low,Technician Assigned,2024-03-27,,Megan Martinez
M-00320,AF-0146,Vehicles,Not turning on,Medium,Resolved,2024-12-22,2024-12-28,Judith Lawrence
M-00321,AF-0146,Vehicles,Software crash,Medium,Resolved,2025-02-28,2025-03-02,Tracey Smith
M-00322,AF-0146,Vehicles,Leaking fluid,Critical,Resolved,2024-06-29,2024-06-30,Kristen Reynolds
M-00323,AF-0147,Furniture,Noisy compressor,High,Resolved,2024-12-16,2024-12-20,Tammy Norman
M-00324,AF-0147,Furniture,Battery not charging,Low,Pending,2025-08-25,,
M-00325,AF-0147,Furniture,Noisy compressor,Critical,In Progress,2024-05-04,,Melissa Thompson
M-00326,AF-0147,Furniture,Unusual vibration,Medium,Resolved,2025-08-27,2025-09-14,Ashley Sandoval
M-00327,AF-0148,Heavy Equipment,Noisy compressor,Medium,Resolved,2024-03-29,2024-04-12,Erica Keith
M-00328,AF-0148,Heavy Equipment,AC not cooling,Low,Approved,2024-07-26,,
M-00329,AF-0148,Heavy Equipment,Screen flickering,Medium,Resolved,2025-06-24,2025-07-07,Lee Schwartz
M-00330,AF-0148,Heavy Equipment,Unusual vibration,Low,Resolved,2024-10-29,2024-10-31,James Cooper
M-00331,AF-0148,Heavy Equipment,Motor failure,Medium,Resolved,2025-10-01,2025-10-07,Robert Taylor
M-00332,AF-0150,Vehicles,Overheating,High,Resolved,2025-10-06,2025-10-17,Stacey Hunt
M-00333,AF-0150,Vehicles,Software crash,Low,Rejected,2025-06-17,,
M-00334,AF-0150,Vehicles,Motor failure,Medium,In Progress,2026-06-10,,Kimberly Edwards
M-00335,AF-0151,IT Peripherals,Overheating,Medium,Resolved,2024-02-10,2024-02-12,Kristen Robinson
M-00336,AF-0151,IT Peripherals,Leaking fluid,Low,Resolved,2026-05-17,2026-06-05,Miguel Parks
M-00337,AF-0151,IT Peripherals,Unusual vibration,Critical,Technician Assigned,2024-02-15,,Brandi Page
M-00338,AF-0151,IT Peripherals,Unusual vibration,Low,Resolved,2021-10-05,2021-10-19,Cassandra Daniels
M-00339,AF-0152,IT Peripherals,Battery not charging,Medium,Technician Assigned,2026-04-27,,Michelle Hodges
M-00340,AF-0153,Vehicles,Unusual vibration,Medium,Rejected,2024-07-15,,
M-00341,AF-0153,Vehicles,Software crash,Medium,Resolved,2023-11-14,2023-11-28,Lauren Bender
M-00342,AF-0153,Vehicles,Screen flickering,Low,Resolved,2024-10-26,2024-10-28,Megan English
M-00343,AF-0153,Vehicles,Leaking fluid,Medium,Resolved,2025-07-27,2025-07-30,Sherry Henderson
M-00344,AF-0153,Vehicles,Battery not charging,Low,Resolved,2023-09-24,2023-10-14,Brian James
M-00345,AF-0155,Heavy Equipment,Physical damage,Medium,Resolved,2025-08-26,2025-08-31,Anthony Adams
M-00346,AF-0157,Vehicles,Software crash,Medium,Rejected,2025-06-23,,
M-00347,AF-0157,Vehicles,Motor failure,High,Resolved,2025-08-17,2025-08-22,Victoria Vega
M-00348,AF-0157,Vehicles,Screen flickering,Critical,Pending,2025-07-31,,
M-00349,AF-0158,Vehicles,Noisy compressor,High,Resolved,2026-03-19,2026-03-25,Antonio Mueller
M-00350,AF-0158,Vehicles,Overheating,High,In Progress,2025-06-19,,Joshua Howard
M-00351,AF-0158,Vehicles,Leaking fluid,Medium,Resolved,2024-03-21,2024-03-27,Luis Lowe
M-00352,AF-0159,HVAC/Appliances,Parts worn out,Low,Resolved,2026-04-06,2026-04-13,Courtney Holland
M-00353,AF-0160,Heavy Equipment,Software crash,Low,Technician Assigned,2026-01-20,,Jorge Robles
M-00354,AF-0160,Heavy Equipment,Overheating,Low,Resolved,2025-12-27,2025-12-30,Melissa Williams
M-00355,AF-0160,Heavy Equipment,Not turning on,Medium,Resolved,2025-09-13,2025-09-17,Jason French
M-00356,AF-0160,Heavy Equipment,Overheating,Low,Resolved,2026-01-17,2026-02-03,Tracy Brown
M-00357,AF-0163,Electronics,Motor failure,Low,Resolved,2026-03-16,2026-04-04,Christina Melton
M-00358,AF-0165,Heavy Equipment,Overheating,High,Resolved,2025-12-30,2026-01-09,Jessica Perez
M-00359,AF-0165,Heavy Equipment,Physical damage,Low,Resolved,2026-01-15,2026-02-03,Michelle Richardson
M-00360,AF-0166,HVAC/Appliances,Physical damage,Medium,In Progress,2026-05-01,,Nancy Gonzalez
M-00361,AF-0166,HVAC/Appliances,AC not cooling,Medium,Rejected,2025-10-21,,
M-00362,AF-0166,HVAC/Appliances,Unusual vibration,Low,Resolved,2025-07-17,2025-07-23,Cheryl Cole
M-00363,AF-0167,Heavy Equipment,Screen flickering,High,Resolved,2026-01-19,2026-02-06,Mrs. Tonya Moss
M-00364,AF-0169,Vehicles,Unusual vibration,High,Approved,2026-04-22,,
M-00365,AF-0169,Vehicles,Software crash,Low,Resolved,2026-06-21,2026-07-05,Andrew Ramirez
M-00366,AF-0171,Heavy Equipment,Unusual vibration,Medium,Approved,2026-02-02,,
M-00367,AF-0171,Heavy Equipment,Parts worn out,Low,Pending,2024-11-28,,
M-00368,AF-0171,Heavy Equipment,Parts worn out,Medium,Technician Assigned,2025-12-20,,Christopher Singleton
M-00369,AF-0171,Heavy Equipment,Software crash,High,Resolved,2024-05-25,2024-05-28,John Pineda
M-00370,AF-0172,HVAC/Appliances,Software crash,Low,Resolved,2026-04-01,2026-04-03,Timothy Carlson
M-00371,AF-0173,Electronics,Leaking fluid,Medium,In Progress,2025-09-10,,Lori Cameron
M-00372,AF-0173,Electronics,Unusual vibration,High,Pending,2025-05-28,,
M-00373,AF-0174,Vehicles,Parts worn out,Critical,Rejected,2026-05-31,,
M-00374,AF-0174,Vehicles,Battery not charging,High,Approved,2026-05-09,,
M-00375,AF-0175,HVAC/Appliances,Motor failure,Low,Pending,2025-11-23,,
M-00376,AF-0175,HVAC/Appliances,Battery not charging,Critical,Technician Assigned,2026-05-16,,Richard Pierce
M-00377,AF-0175,HVAC/Appliances,Physical damage,Medium,Resolved,2025-05-25,2025-06-14,Michael Fox
M-00378,AF-0175,HVAC/Appliances,Leaking fluid,Low,In Progress,2025-03-19,,Kelly Hartman
M-00379,AF-0176,Vehicles,Battery not charging,High,Resolved,2026-05-04,2026-05-17,Joshua Powell
M-00380,AF-0176,Vehicles,Leaking fluid,Medium,Resolved,2026-04-28,2026-05-04,Stephen Alvarado
M-00381,AF-0176,Vehicles,Not turning on,Low,Pending,2026-05-07,,
M-00382,AF-0177,Heavy Equipment,Parts worn out,High,Resolved,2025-11-20,2025-12-07,Edward Clements
M-00383,AF-0177,Heavy Equipment,Motor failure,Critical,Resolved,2025-11-21,2025-12-03,Karen Hoffman
M-00384,AF-0177,Heavy Equipment,Unusual vibration,Medium,Resolved,2026-04-15,2026-04-27,Marie Wilson
M-00385,AF-0177,Heavy Equipment,Motor failure,High,Technician Assigned,2025-04-18,,David May
M-00386,AF-0178,Heavy Equipment,Leaking fluid,Low,Resolved,2026-06-21,2026-07-08,Dana Williams
M-00387,AF-0178,Heavy Equipment,Leaking fluid,High,Pending,2026-06-28,,
M-00388,AF-0179,Vehicles,AC not cooling,Medium,Pending,2026-06-23,,
M-00389,AF-0179,Vehicles,AC not cooling,High,Approved,2026-06-16,,
M-00390,AF-0179,Vehicles,Screen flickering,Low,Approved,2026-04-06,,
M-00391,AF-0180,Vehicles,Unusual vibration,Low,Approved,2026-01-08,,
M-00392,AF-0180,Vehicles,Not turning on,High,Resolved,2024-07-03,2024-07-14,Jane Hogan
M-00393,AF-0180,Vehicles,Screen flickering,Low,Pending,2025-11-18,,
M-00394,AF-0180,Vehicles,Software crash,Low,Technician Assigned,2025-12-30,,David Ramsey
M-00395,AF-0180,Vehicles,Physical damage,High,Technician Assigned,2024-07-25,,Jose Townsend
M-00396,AF-0184,HVAC/Appliances,Parts worn out,High,Approved,2025-07-03,,
M-00397,AF-0185,HVAC/Appliances,Noisy compressor,Medium,Rejected,2026-07-01,,
M-00398,AF-0185,HVAC/Appliances,Unusual vibration,Medium,Pending,2026-07-03,,
M-00399,AF-0186,Heavy Equipment,Noisy compressor,High,Technician Assigned,2025-12-30,,Katie Tucker
M-00400,AF-0186,Heavy Equipment,Software crash,Low,Resolved,2026-05-14,2026-05-18,Matthew Flores
M-00401,AF-0187,Heavy Equipment,Unusual vibration,Medium,Resolved,2025-05-16,2025-06-03,Brendan Bonilla
M-00402,AF-0187,Heavy Equipment,Not turning on,Medium,Technician Assigned,2025-07-17,,Kim Sims
M-00403,AF-0187,Heavy Equipment,Motor failure,Medium,Approved,2026-06-04,,
M-00404,AF-0187,Heavy Equipment,Screen flickering,Medium,Approved,2026-01-22,,
M-00405,AF-0187,Heavy Equipment,Leaking fluid,Low,Technician Assigned,2025-06-01,,Mark Lewis
M-00406,AF-0187,Heavy Equipment,AC not cooling,Medium,Approved,2026-05-22,,
M-00407,AF-0187,Heavy Equipment,Screen flickering,Low,Resolved,2026-03-24,2026-04-07,Sara Harris
M-00408,AF-0187,Heavy Equipment,Noisy compressor,Critical,Resolved,2026-04-18,2026-04-24,Sherry Figueroa
M-00409,AF-0187,Heavy Equipment,Unusual vibration,Medium,Approved,2026-03-31,,
M-00410,AF-0187,Heavy Equipment,Overheating,Low,Resolved,2025-05-29,2025-06-13,Robert Jones
M-00411,AF-0188,Heavy Equipment,Parts worn out,Low,Resolved,2024-09-15,2024-09-16,Allison Love
M-00412,AF-0188,Heavy Equipment,Physical damage,Critical,Approved,2025-02-03,,
M-00413,AF-0188,Heavy Equipment,Motor failure,High,Resolved,2026-02-21,2026-03-13,Benjamin Thompson
M-00414,AF-0189,Vehicles,Leaking fluid,Critical,Technician Assigned,2024-05-11,,Benjamin Underwood
M-00415,AF-0189,Vehicles,AC not cooling,Medium,Resolved,2022-10-03,2022-10-23,Jennifer Hayes
M-00416,AF-0189,Vehicles,Noisy compressor,Medium,Pending,2023-01-28,,
M-00417,AF-0189,Vehicles,Parts worn out,Low,Technician Assigned,2024-08-04,,Eugene Price
M-00418,AF-0189,Vehicles,AC not cooling,Medium,Resolved,2022-08-12,2022-08-17,Aaron Cortez
M-00419,AF-0190,Electronics,Software crash,Medium,Resolved,2026-06-21,2026-06-29,Patrick Williams
M-00420,AF-0191,Electronics,Leaking fluid,Low,In Progress,2026-04-27,,Heather Shaw
M-00421,AF-0191,Electronics,Parts worn out,Medium,Resolved,2026-02-05,2026-02-10,Michael Obrien
M-00422,AF-0192,Vehicles,AC not cooling,Medium,Resolved,2026-02-16,2026-03-02,Timothy James
M-00423,AF-0192,Vehicles,Motor failure,Critical,Rejected,2026-01-11,,
M-00424,AF-0192,Vehicles,Unusual vibration,Low,In Progress,2026-03-23,,Amanda Moore
M-00425,AF-0193,Electronics,Software crash,Medium,Resolved,2025-11-10,2025-11-28,Paul Robles
M-00426,AF-0193,Electronics,Not turning on,Low,Resolved,2025-09-09,2025-09-28,Elizabeth Walters
M-00427,AF-0194,Electronics,Physical damage,Medium,In Progress,2025-10-25,,Stephen Sanford
M-00428,AF-0194,Electronics,Noisy compressor,Critical,Pending,2026-03-10,,
M-00429,AF-0197,HVAC/Appliances,Battery not charging,Low,Rejected,2026-05-08,,
M-00430,AF-0198,HVAC/Appliances,AC not cooling,Critical,In Progress,2025-11-02,,Maria Bernard
M-00431,AF-0198,HVAC/Appliances,AC not cooling,Low,Resolved,2026-01-11,2026-01-24,Shaun Thomas
M-00432,AF-0198,HVAC/Appliances,Overheating,High,Resolved,2026-06-19,2026-06-26,Kenneth Long
M-00433,AF-0199,Electronics,Battery not charging,Low,Resolved,2026-02-13,2026-02-27,Angela Clark
M-00434,AF-0199,Electronics,Motor failure,Medium,Resolved,2025-02-03,2025-02-15,Molly Lewis
M-00435,AF-0199,Electronics,Noisy compressor,Medium,Resolved,2025-12-28,2026-01-14,Sarah Thomas
M-00436,AF-0199,Electronics,Leaking fluid,Medium,Resolved,2025-09-03,2025-09-14,Luis King
M-00437,AF-0199,Electronics,Noisy compressor,Low,Technician Assigned,2025-05-17,,Michael Bradley
M-00438,AF-0200,Heavy Equipment,AC not cooling,Low,Pending,2026-05-28,,
M-00439,AF-0200,Heavy Equipment,Motor failure,Medium,Resolved,2025-10-24,2025-11-01,Paul Branch
M-00440,AF-0200,Heavy Equipment,Noisy compressor,Medium,Rejected,2025-05-18,,
M-00441,AF-0200,Heavy Equipment,Unusual vibration,High,Approved,2025-05-04,,
M-00442,AF-0201,Heavy Equipment,Screen flickering,Low,Resolved,2023-01-20,2023-02-02,Maria Jones
M-00443,AF-0201,Heavy Equipment,Motor failure,Low,Technician Assigned,2024-08-22,,Danielle Gonzalez
M-00444,AF-0201,Heavy Equipment,Overheating,Low,Resolved,2024-04-06,2024-04-08,Tiffany Howard
M-00445,AF-0201,Heavy Equipment,Not turning on,Low,Technician Assigned,2025-01-25,,Cynthia Mitchell
M-00446,AF-0201,Heavy Equipment,Not turning on,Low,Resolved,2024-10-10,2024-10-18,Corey Tucker
M-00447,AF-0202,Vehicles,Parts worn out,Low,Resolved,2023-07-03,2023-07-08,Matthew Steele
M-00448,AF-0202,Vehicles,Not turning on,Medium,Resolved,2023-09-05,2023-09-11,Keith Aguirre
M-00449,AF-0202,Vehicles,Overheating,Critical,Resolved,2025-11-17,2025-11-19,Caroline Edwards
M-00450,AF-0202,Vehicles,Parts worn out,Medium,Technician Assigned,2023-09-27,,Michelle Davidson
M-00451,AF-0203,HVAC/Appliances,Parts worn out,High,Resolved,2026-07-03,2026-07-12,Ian Frazier
M-00452,AF-0204,Vehicles,Leaking fluid,Medium,In Progress,2026-06-21,,John Griffin
M-00453,AF-0204,Vehicles,Screen flickering,High,Resolved,2026-05-25,2026-06-13,Katelyn Rodriguez
M-00454,AF-0204,Vehicles,Battery not charging,Low,Resolved,2026-06-30,2026-07-09,Angela Ramirez
M-00455,AF-0206,Vehicles,Software crash,Low,Approved,2026-07-09,,
M-00456,AF-0206,Vehicles,Leaking fluid,Low,Technician Assigned,2026-07-09,,Stephanie Gonzalez
M-00457,AF-0206,Vehicles,Physical damage,Critical,Resolved,2026-07-06,2026-07-12,Lori Luna
M-00458,AF-0206,Vehicles,AC not cooling,High,Technician Assigned,2026-07-04,,Sarah Welch
M-00459,AF-0207,Electronics,Screen flickering,High,Technician Assigned,2025-11-06,,Lauren Hammond
M-00460,AF-0208,HVAC/Appliances,Screen flickering,Low,Resolved,2025-05-18,2025-05-19,Andrew Green
M-00461,AF-0208,HVAC/Appliances,Screen flickering,Medium,In Progress,2026-03-30,,Kimberly Valdez
M-00462,AF-0209,HVAC/Appliances,Noisy compressor,Low,Approved,2026-02-19,,
M-00463,AF-0209,HVAC/Appliances,Physical damage,Low,Technician Assigned,2025-11-11,,James Vance
M-00464,AF-0210,HVAC/Appliances,Leaking fluid,Medium,Resolved,2026-06-21,2026-06-22,Shannon Anderson
M-00465,AF-0210,HVAC/Appliances,Physical damage,High,Pending,2026-07-10,,
M-00466,AF-0211,Heavy Equipment,AC not cooling,Low,Resolved,2026-06-17,2026-07-05,Ann Cox
M-00467,AF-0211,Heavy Equipment,Battery not charging,Low,Approved,2026-06-04,,
M-00468,AF-0211,Heavy Equipment,Unusual vibration,Medium,Technician Assigned,2026-05-29,,David Maynard
M-00469,AF-0212,Heavy Equipment,Physical damage,Low,Resolved,2025-02-12,2025-02-18,Miss Nicole Taylor
M-00470,AF-0212,Heavy Equipment,Screen flickering,Critical,Technician Assigned,2026-01-29,,Keith Knight
M-00471,AF-0212,Heavy Equipment,Battery not charging,High,Approved,2026-06-04,,
M-00472,AF-0212,Heavy Equipment,Unusual vibration,High,Resolved,2025-08-29,2025-09-04,Brianna Dennis
M-00473,AF-0213,Heavy Equipment,AC not cooling,Low,In Progress,2026-06-20,,Amanda Juarez
M-00474,AF-0214,Vehicles,Overheating,Medium,Resolved,2026-06-25,2026-07-01,Dennis Young
M-00475,AF-0214,Vehicles,Unusual vibration,Medium,Rejected,2026-06-10,,
M-00476,AF-0215,IT Peripherals,Overheating,Low,Resolved,2026-06-24,2026-07-05,Kelly Moody
M-00477,AF-0215,IT Peripherals,AC not cooling,Low,Technician Assigned,2025-07-08,,Thomas Keith
M-00478,AF-0217,Heavy Equipment,Not turning on,High,Pending,2025-10-12,,
M-00479,AF-0217,Heavy Equipment,Unusual vibration,High,Resolved,2025-10-12,2025-10-17,Matthew Garcia
M-00480,AF-0218,Heavy Equipment,Overheating,Medium,Approved,2025-07-29,,
M-00481,AF-0218,Heavy Equipment,AC not cooling,Medium,Technician Assigned,2025-12-10,,Madeline Hill
M-00482,AF-0218,Heavy Equipment,Software crash,Low,Resolved,2025-12-22,2025-12-28,Lauren Hudson
M-00483,AF-0219,IT Peripherals,Screen flickering,Medium,In Progress,2026-02-26,,James Matthews
M-00484,AF-0220,IT Peripherals,Noisy compressor,High,Resolved,2026-06-03,2026-06-13,Angela King
M-00485,AF-0221,Vehicles,Unusual vibration,Low,In Progress,2024-06-08,,Courtney Sullivan
M-00486,AF-0221,Vehicles,Parts worn out,Medium,Technician Assigned,2023-03-24,,Haley Sparks
M-00487,AF-0221,Vehicles,Physical damage,Low,Resolved,2025-06-13,2025-06-26,Adriana Macias
M-00488,AF-0221,Vehicles,Overheating,Low,Technician Assigned,2024-02-26,,David Robertson
M-00489,AF-0221,Vehicles,AC not cooling,Low,Resolved,2026-04-03,2026-04-17,Chris Moore
M-00490,AF-0221,Vehicles,Leaking fluid,Medium,Resolved,2023-02-24,2023-02-26,Ruth Guerrero
M-00491,AF-0221,Vehicles,Motor failure,Low,Rejected,2023-03-28,,
M-00492,AF-0222,IT Peripherals,Overheating,Medium,Resolved,2025-09-10,2025-09-12,Gary Wilson
M-00493,AF-0222,IT Peripherals,Unusual vibration,Medium,Pending,2025-12-23,,
M-00494,AF-0222,IT Peripherals,Overheating,Low,Rejected,2026-04-12,,
M-00495,AF-0222,IT Peripherals,Battery not charging,Medium,Resolved,2026-05-30,2026-06-03,Karen Garza
M-00496,AF-0223,Vehicles,Leaking fluid,High,Resolved,2025-01-19,2025-02-05,Jennifer Sanchez
M-00497,AF-0223,Vehicles,Unusual vibration,High,Technician Assigned,2024-09-15,,Kevin Taylor
M-00498,AF-0224,Vehicles,Noisy compressor,High,Technician Assigned,2024-12-07,,Stephanie Thomas
M-00499,AF-0224,Vehicles,Battery not charging,Low,Resolved,2025-03-13,2025-03-29,Thomas Black
M-00500,AF-0224,Vehicles,Leaking fluid,High,Resolved,2024-05-29,2024-06-12,Wayne Walsh
M-00501,AF-0224,Vehicles,Physical damage,High,Approved,2025-07-14,,
M-00502,AF-0225,Vehicles,Parts worn out,Medium,In Progress,2026-06-12,,Monica Nicholson
M-00503,AF-0225,Vehicles,Physical damage,Medium,Resolved,2026-05-25,2026-06-07,Claire Obrien
M-00504,AF-0225,Vehicles,Overheating,Low,Pending,2026-07-02,,
M-00505,AF-0225,Vehicles,Motor failure,Medium,Resolved,2026-05-18,2026-05-28,John Robinson
M-00506,AF-0225,Vehicles,Overheating,Medium,In Progress,2026-07-10,,Charles Aguilar
M-00507,AF-0226,Vehicles,Not turning on,Low,Resolved,2026-04-07,2026-04-14,Lisa Dixon
M-00508,AF-0226,Vehicles,AC not cooling,Low,Resolved,2026-06-29,2026-07-07,Michael Nielsen
M-00509,AF-0226,Vehicles,Leaking fluid,Low,Approved,2026-01-03,,
M-00510,AF-0228,Heavy Equipment,Overheating,Medium,Pending,2025-01-23,,
M-00511,AF-0228,Heavy Equipment,Not turning on,Medium,Resolved,2026-04-07,2026-04-12,Andrea Gray
M-00512,AF-0229,IT Peripherals,Physical damage,Medium,Pending,2026-07-11,,
M-00513,AF-0230,Heavy Equipment,AC not cooling,High,Resolved,2026-02-22,2026-03-04,Alan Mills
M-00514,AF-0230,Heavy Equipment,Motor failure,Low,Resolved,2021-07-26,2021-08-02,Melinda Serrano
M-00515,AF-0230,Heavy Equipment,Not turning on,Medium,Resolved,2022-12-01,2022-12-15,Cassandra Valenzuela
M-00516,AF-0231,Electronics,Physical damage,Medium,Resolved,2026-06-17,2026-07-06,Sherry Schmidt
M-00517,AF-0231,Electronics,Motor failure,Medium,Resolved,2026-06-30,2026-07-09,Anna Hopkins
M-00518,AF-0232,Heavy Equipment,Unusual vibration,Medium,Resolved,2022-12-07,2022-12-16,Kimberly Smith
M-00519,AF-0232,Heavy Equipment,Overheating,Medium,In Progress,2026-01-01,,Meghan Reynolds
M-00520,AF-0232,Heavy Equipment,Battery not charging,High,Resolved,2025-10-24,2025-10-27,Shaun Wolfe
M-00521,AF-0233,Electronics,Physical damage,Low,In Progress,2025-07-28,,Todd Olson
M-00522,AF-0234,Heavy Equipment,Parts worn out,High,In Progress,2026-06-29,,Hayley Ballard
M-00523,AF-0234,Heavy Equipment,Battery not charging,Medium,Rejected,2026-06-24,,
M-00524,AF-0234,Heavy Equipment,AC not cooling,High,Technician Assigned,2026-07-03,,Sara Johnston
M-00525,AF-0234,Heavy Equipment,Battery not charging,Critical,Resolved,2026-07-05,2026-07-12,David Cannon
M-00526,AF-0235,Heavy Equipment,Physical damage,Medium,Approved,2025-06-26,,
M-00527,AF-0236,Vehicles,Overheating,Low,Resolved,2026-04-04,2026-04-22,Angela George
M-00528,AF-0236,Vehicles,AC not cooling,High,Resolved,2026-04-23,2026-04-27,Deanna Smith
M-00529,AF-0236,Vehicles,Motor failure,Medium,Pending,2026-06-24,,
M-00530,AF-0236,Vehicles,AC not cooling,Medium,Resolved,2026-05-05,2026-05-17,Adrienne Mills
M-00531,AF-0236,Vehicles,AC not cooling,High,Approved,2026-04-04,,
M-00532,AF-0237,HVAC/Appliances,Screen flickering,High,Pending,2020-10-12,,
M-00533,AF-0237,HVAC/Appliances,AC not cooling,Low,Resolved,2022-05-10,2022-05-19,Jaime Harris
M-00534,AF-0237,HVAC/Appliances,Noisy compressor,Low,Resolved,2020-10-08,2020-10-15,Jennifer Rodriguez
M-00535,AF-0237,HVAC/Appliances,AC not cooling,High,Resolved,2023-06-25,2023-07-11,Kevin Green
M-00536,AF-0238,Furniture,AC not cooling,High,In Progress,2025-12-11,,Krystal Carr
M-00537,AF-0241,Heavy Equipment,Not turning on,Low,Technician Assigned,2026-06-04,,Jennifer Harris DDS
M-00538,AF-0241,Heavy Equipment,Overheating,Medium,Resolved,2026-06-23,2026-06-24,Cassandra Hansen
M-00539,AF-0241,Heavy Equipment,Unusual vibration,Medium,In Progress,2026-06-10,,Dr. Kenneth Schroeder
M-00540,AF-0243,Furniture,Not turning on,Medium,Pending,2024-06-17,,
M-00541,AF-0243,Furniture,Physical damage,Low,In Progress,2025-04-27,,Charles Shields
M-00542,AF-0245,Vehicles,Parts worn out,Low,Resolved,2024-09-27,2024-10-01,David Logan
M-00543,AF-0245,Vehicles,Motor failure,Low,Technician Assigned,2026-01-22,,Ariel Romero
M-00544,AF-0246,Electronics,Screen flickering,Low,Resolved,2026-06-30,2026-07-12,Rebecca Mendez
M-00545,AF-0246,Electronics,Noisy compressor,Medium,Resolved,2026-07-11,2026-07-12,Amy Price
M-00546,AF-0246,Electronics,Overheating,Medium,Resolved,2026-06-27,2026-07-11,Regina Morrow
M-00547,AF-0246,Electronics,Parts worn out,High,In Progress,2026-06-29,,Kyle Davis
M-00548,AF-0247,Electronics,Motor failure,Critical,Technician Assigned,2024-03-27,,Jacob Lynch
M-00549,AF-0247,Electronics,Leaking fluid,Medium,Resolved,2024-05-03,2024-05-22,Tara Morales
M-00550,AF-0247,Electronics,Screen flickering,Low,Resolved,2024-07-03,2024-07-05,Donna Stuart
M-00551,AF-0248,Heavy Equipment,Battery not charging,Medium,Technician Assigned,2026-07-06,,Raymond Thompson
M-00552,AF-0249,Vehicles,Screen flickering,Medium,In Progress,2026-01-27,,Adam Jefferson DVM
M-00553,AF-0253,IT Peripherals,Software crash,Low,Resolved,2024-06-13,2024-06-26,Chloe Bowers
M-00554,AF-0253,IT Peripherals,Parts worn out,Low,Resolved,2025-05-02,2025-05-03,Melissa Gilbert
M-00555,AF-0253,IT Peripherals,Software crash,Low,Technician Assigned,2026-06-23,,Heather Pena
M-00556,AF-0253,IT Peripherals,Software crash,Medium,Resolved,2026-01-12,2026-02-01,Angie Hill
M-00557,AF-0253,IT Peripherals,Overheating,Low,Resolved,2025-01-19,2025-02-08,Michael Sullivan
M-00558,AF-0253,IT Peripherals,Screen flickering,High,Technician Assigned,2026-07-02,,Adrian Padilla
M-00559,AF-0254,Heavy Equipment,Overheating,Low,In Progress,2023-07-16,,Krista Barber
M-00560,AF-0254,Heavy Equipment,Unusual vibration,High,Resolved,2025-07-31,2025-08-17,Lauren Bailey
M-00561,AF-0254,Heavy Equipment,Overheating,Medium,Resolved,2026-04-15,2026-04-24,Courtney Mccarty
M-00562,AF-0254,Heavy Equipment,Motor failure,High,Pending,2023-09-06,,
M-00563,AF-0255,Electronics,Parts worn out,High,Pending,2025-03-05,,
M-00564,AF-0256,IT Peripherals,Noisy compressor,Low,Resolved,2025-02-07,2025-02-23,Jared Smith
M-00565,AF-0256,IT Peripherals,Unusual vibration,Low,Resolved,2026-05-01,2026-05-07,Jonathan Hansen
M-00566,AF-0257,HVAC/Appliances,Noisy compressor,Low,Resolved,2026-02-13,2026-02-19,Gina Wilson
M-00567,AF-0257,HVAC/Appliances,Screen flickering,Low,In Progress,2026-02-10,,Deanna Medina
M-00568,AF-0257,HVAC/Appliances,Battery not charging,Medium,In Progress,2025-10-28,,Danielle Ramos
M-00569,AF-0257,HVAC/Appliances,AC not cooling,Medium,Resolved,2025-06-29,2025-07-13,John Sanchez
M-00570,AF-0258,Heavy Equipment,Motor failure,Medium,Technician Assigned,2026-06-14,,Reginald Maldonado
M-00571,AF-0259,Vehicles,AC not cooling,Low,Approved,2025-12-24,,
M-00572,AF-0261,HVAC/Appliances,Leaking fluid,High,Approved,2026-05-31,,
M-00573,AF-0261,HVAC/Appliances,Software crash,Medium,Resolved,2026-07-03,2026-07-08,Shannon Olson
M-00574,AF-0261,HVAC/Appliances,Parts worn out,Low,In Progress,2026-06-25,,James Kramer
M-00575,AF-0262,Vehicles,Noisy compressor,Medium,Pending,2026-03-08,,
M-00576,AF-0263,Heavy Equipment,Leaking fluid,High,Resolved,2025-08-11,2025-08-31,Michael Mcbride
M-00577,AF-0263,Heavy Equipment,Not turning on,Medium,Resolved,2026-06-12,2026-06-30,Harry Nichols
M-00578,AF-0263,Heavy Equipment,Overheating,Critical,In Progress,2025-05-04,,Deborah Mitchell
M-00579,AF-0263,Heavy Equipment,Software crash,Medium,Resolved,2026-02-10,2026-02-28,Paul Peterson
M-00580,AF-0263,Heavy Equipment,Noisy compressor,Low,In Progress,2026-01-14,,Cassandra Edwards
M-00581,AF-0263,Heavy Equipment,Unusual vibration,Medium,Resolved,2025-10-18,2025-10-22,Kenneth White
M-00582,AF-0265,Furniture,Parts worn out,Low,Technician Assigned,2025-11-28,,Tara Lee
M-00583,AF-0265,Furniture,AC not cooling,Medium,Pending,2026-05-28,,
M-00584,AF-0265,Furniture,Motor failure,Critical,Technician Assigned,2025-06-11,,Cynthia Allen
M-00585,AF-0266,HVAC/Appliances,AC not cooling,Low,In Progress,2026-05-19,,Daryl Conley
M-00586,AF-0267,Vehicles,Overheating,Critical,Pending,2025-12-07,,
M-00587,AF-0268,Furniture,Physical damage,Low,Resolved,2023-12-09,2023-12-26,Heather Maxwell
M-00588,AF-0268,Furniture,Leaking fluid,Low,Resolved,2024-11-28,2024-12-04,Blake Sosa
M-00589,AF-0269,IT Peripherals,AC not cooling,High,Resolved,2025-07-15,2025-07-29,Aaron Vincent DVM
M-00590,AF-0269,IT Peripherals,Parts worn out,Medium,In Progress,2026-03-22,,Jacqueline Stewart
M-00591,AF-0269,IT Peripherals,Noisy compressor,Low,Resolved,2026-05-12,2026-05-23,Sierra Andrews
M-00592,AF-0269,IT Peripherals,AC not cooling,High,Pending,2025-11-26,,
M-00593,AF-0270,Heavy Equipment,Battery not charging,Low,In Progress,2024-09-16,,Clayton Duran
M-00594,AF-0270,Heavy Equipment,Unusual vibration,Critical,Resolved,2024-11-20,2024-11-27,Jennifer Christensen
M-00595,AF-0270,Heavy Equipment,Not turning on,Low,Pending,2024-10-13,,
M-00596,AF-0270,Heavy Equipment,Physical damage,Critical,Resolved,2026-06-04,2026-06-18,Joseph Henderson
M-00597,AF-0270,Heavy Equipment,Software crash,Medium,Resolved,2025-11-18,2025-12-04,Amanda Reed
M-00598,AF-0271,Vehicles,Parts worn out,Low,Resolved,2026-03-10,2026-03-13,Patty Bryant
M-00599,AF-0272,Heavy Equipment,Physical damage,Critical,Resolved,2025-12-20,2026-01-01,Joseph Stewart
M-00600,AF-0272,Heavy Equipment,Battery not charging,Medium,Resolved,2025-02-18,2025-03-02,Michael Gray
M-00601,AF-0272,Heavy Equipment,AC not cooling,Medium,Resolved,2023-06-29,2023-06-30,Isaiah Hensley
M-00602,AF-0272,Heavy Equipment,Noisy compressor,Low,Pending,2025-06-12,,
M-00603,AF-0272,Heavy Equipment,AC not cooling,Medium,Resolved,2025-08-29,2025-09-12,Dennis Adams
M-00604,AF-0272,Heavy Equipment,Unusual vibration,High,In Progress,2023-08-12,,Grace White
M-00605,AF-0272,Heavy Equipment,Motor failure,Low,Pending,2025-07-25,,
M-00606,AF-0272,Heavy Equipment,Overheating,Medium,Rejected,2026-07-08,,
M-00607,AF-0273,Heavy Equipment,AC not cooling,Medium,Resolved,2026-04-06,2026-04-11,Jason Goodwin
M-00608,AF-0273,Heavy Equipment,Leaking fluid,Low,Technician Assigned,2026-01-18,,James Hayes
M-00609,AF-0273,Heavy Equipment,Noisy compressor,High,Resolved,2025-03-08,2025-03-14,Veronica Parks
M-00610,AF-0275,Heavy Equipment,Screen flickering,Medium,Pending,2026-01-24,,
M-00611,AF-0275,Heavy Equipment,Not turning on,Medium,Technician Assigned,2026-03-21,,Michelle Brock
M-00612,AF-0276,Heavy Equipment,Not turning on,Medium,In Progress,2025-07-26,,Selena Gonzalez
M-00613,AF-0276,Heavy Equipment,Overheating,High,Resolved,2022-12-07,2022-12-27,Nancy Kennedy
M-00614,AF-0279,Vehicles,Unusual vibration,Medium,Resolved,2026-07-06,2026-07-12,Javier Taylor
M-00615,AF-0279,Vehicles,Noisy compressor,High,Resolved,2026-06-20,2026-07-07,Lydia Ferguson
M-00616,AF-0280,HVAC/Appliances,Noisy compressor,Low,Resolved,2025-08-01,2025-08-07,John King
M-00617,AF-0280,HVAC/Appliances,Battery not charging,High,Resolved,2026-06-17,2026-06-20,Amber Garcia
M-00618,AF-0281,HVAC/Appliances,Software crash,Medium,Rejected,2026-04-03,,
M-00619,AF-0281,HVAC/Appliances,Screen flickering,Low,Resolved,2026-06-16,2026-06-20,Daniel King
M-00620,AF-0284,Vehicles,Leaking fluid,Low,Resolved,2026-06-07,2026-06-15,Anne Garner
M-00621,AF-0285,Electronics,Unusual vibration,Critical,Resolved,2026-06-09,2026-06-19,Isaac Grant
M-00622,AF-0289,Furniture,Parts worn out,Medium,In Progress,2026-06-30,,Hailey Jenkins
M-00623,AF-0289,Furniture,AC not cooling,Low,Rejected,2025-05-09,,
M-00624,AF-0290,Heavy Equipment,Motor failure,Medium,Resolved,2025-03-31,2025-04-17,Michael Jacobs
M-00625,AF-0290,Heavy Equipment,Motor failure,High,Resolved,2025-08-21,2025-09-06,Marie Ryan
M-00626,AF-0291,Furniture,Software crash,High,Resolved,2026-06-15,2026-06-24,Dominique Nguyen
M-00627,AF-0292,HVAC/Appliances,Leaking fluid,Medium,Resolved,2026-03-31,2026-04-07,Patricia Griffin
M-00628,AF-0293,IT Peripherals,Physical damage,Low,Pending,2024-09-09,,
M-00629,AF-0293,IT Peripherals,Motor failure,Medium,Resolved,2025-09-05,2025-09-18,Louis Ford
M-00630,AF-0294,Vehicles,Motor failure,Low,Resolved,2026-02-16,2026-02-28,Sheena Davidson
M-00631,AF-0296,HVAC/Appliances,Screen flickering,High,In Progress,2026-05-07,,Jennifer Salazar
M-00632,AF-0296,HVAC/Appliances,Leaking fluid,Low,Approved,2026-05-27,,
M-00633,AF-0298,HVAC/Appliances,AC not cooling,Low,Pending,2026-04-16,,
M-00634,AF-0300,Heavy Equipment,Noisy compressor,Low,Resolved,2025-07-07,2025-07-14,Terry Miller
M-00635,AF-0300,Heavy Equipment,Unusual vibration,Medium,Technician Assigned,2025-03-30,,Erik Delgado
M-00636,AF-0300,Heavy Equipment,Physical damage,Medium,Resolved,2026-01-24,2026-01-27,Lisa Foster
M-00637,AF-0301,Vehicles,Leaking fluid,Medium,Approved,2026-05-16,,
M-00638,AF-0301,Vehicles,Overheating,High,Approved,2026-05-04,,
M-00639,AF-0301,Vehicles,Not turning on,Low,Resolved,2026-05-16,2026-05-18,Priscilla Mcmillan
M-00640,AF-0302,Electronics,Motor failure,Low,Resolved,2025-06-08,2025-06-24,Kelly Cole
M-00641,AF-0302,Electronics,Parts worn out,Low,In Progress,2025-05-19,,Scott Martinez
M-00642,AF-0302,Electronics,Battery not charging,Medium,Resolved,2025-08-27,2025-09-13,David Manning
M-00643,AF-0303,Heavy Equipment,Unusual vibration,Medium,Approved,2026-05-26,,
M-00644,AF-0304,Heavy Equipment,Unusual vibration,Low,Resolved,2024-04-06,2024-04-24,Christine Sanders
M-00645,AF-0304,Heavy Equipment,Battery not charging,Critical,Resolved,2025-06-09,2025-06-14,Timothy Kennedy
M-00646,AF-0304,Heavy Equipment,Parts worn out,Medium,Resolved,2025-02-28,2025-03-14,Randy Warren
M-00647,AF-0305,IT Peripherals,Noisy compressor,High,Resolved,2024-05-18,2024-06-06,Ashley Montgomery MD
M-00648,AF-0306,HVAC/Appliances,AC not cooling,Low,Resolved,2024-05-08,2024-05-23,Jean Perez
M-00649,AF-0306,HVAC/Appliances,Parts worn out,Medium,In Progress,2024-12-05,,Jessica Martinez
M-00650,AF-0306,HVAC/Appliances,Software crash,Medium,Resolved,2026-05-23,2026-06-06,Carolyn Johnson
M-00651,AF-0307,Electronics,AC not cooling,Low,Approved,2026-05-09,,
M-00652,AF-0307,Electronics,Parts worn out,Medium,Approved,2026-05-25,,
M-00653,AF-0307,Electronics,Not turning on,Medium,Resolved,2026-06-11,2026-06-19,Thomas Lin
M-00654,AF-0308,Vehicles,Leaking fluid,Critical,Technician Assigned,2026-05-17,,Seth Donovan
M-00655,AF-0308,Vehicles,Overheating,Medium,Resolved,2026-06-09,2026-06-13,Brandy Fry
M-00656,AF-0309,HVAC/Appliances,Battery not charging,High,Pending,2026-07-11,,
M-00657,AF-0310,Heavy Equipment,Noisy compressor,Medium,Technician Assigned,2026-05-24,,Leslie Bryant
M-00658,AF-0310,Heavy Equipment,Unusual vibration,Low,Resolved,2026-04-01,2026-04-08,Sherry Graham
M-00659,AF-0311,IT Peripherals,Noisy compressor,Low,In Progress,2025-05-23,,Kimberly Stout
M-00660,AF-0311,IT Peripherals,AC not cooling,High,Resolved,2025-09-15,2025-09-24,Mr. Brandon Parker
M-00661,AF-0311,IT Peripherals,Battery not charging,Medium,Resolved,2026-05-27,2026-06-07,Christopher Smith
M-00662,AF-0314,Vehicles,AC not cooling,Medium,Rejected,2026-02-07,,
M-00663,AF-0314,Vehicles,AC not cooling,Critical,Approved,2025-03-22,,
M-00664,AF-0315,HVAC/Appliances,Physical damage,Medium,Resolved,2026-01-21,2026-02-02,Olivia Taylor
M-00665,AF-0315,HVAC/Appliances,Not turning on,High,Resolved,2022-02-05,2022-02-19,Joseph Watts
M-00666,AF-0315,HVAC/Appliances,Not turning on,Medium,Approved,2025-03-16,,
M-00667,AF-0315,HVAC/Appliances,Parts worn out,Low,Technician Assigned,2022-11-13,,Pedro Evans DDS
M-00668,AF-0315,HVAC/Appliances,Battery not charging,Low,Resolved,2025-02-28,2025-03-11,Linda Robles
M-00669,AF-0317,Heavy Equipment,Screen flickering,High,In Progress,2025-04-02,,Chelsea Khan
M-00670,AF-0317,Heavy Equipment,Physical damage,Low,Technician Assigned,2024-11-18,,David Espinoza
M-00671,AF-0317,Heavy Equipment,Battery not charging,Low,Technician Assigned,2025-08-31,,Sandra Walker
M-00672,AF-0317,Heavy Equipment,Noisy compressor,High,Technician Assigned,2025-01-15,,Mario Black
M-00673,AF-0319,IT Peripherals,Software crash,Low,Technician Assigned,2026-02-05,,Lisa Benson
M-00674,AF-0321,Electronics,Battery not charging,High,Approved,2025-10-15,,
M-00675,AF-0323,Vehicles,Physical damage,High,Resolved,2026-01-31,2026-02-18,Matthew Patel
M-00676,AF-0323,Vehicles,Battery not charging,Medium,Resolved,2026-03-05,2026-03-08,Cole Jones
M-00677,AF-0323,Vehicles,Battery not charging,Critical,Resolved,2026-05-13,2026-06-02,Brian Gibson
M-00678,AF-0323,Vehicles,Parts worn out,Medium,Resolved,2026-01-20,2026-01-29,Michael Vasquez
M-00679,AF-0323,Vehicles,Screen flickering,High,In Progress,2026-03-03,,Christian Booker
M-00680,AF-0323,Vehicles,Physical damage,Low,Rejected,2026-03-08,,
M-00681,AF-0324,HVAC/Appliances,Not turning on,Medium,Pending,2023-06-28,,
M-00682,AF-0326,HVAC/Appliances,Overheating,Low,Technician Assigned,2026-06-25,,William Campbell
M-00683,AF-0327,Heavy Equipment,Screen flickering,High,Resolved,2025-10-31,2025-11-10,Jeffrey Smith
M-00684,AF-0327,Heavy Equipment,Screen flickering,Low,Resolved,2025-02-13,2025-02-21,Adrian Robinson
M-00685,AF-0327,Heavy Equipment,Software crash,Medium,Approved,2025-12-14,,
M-00686,AF-0328,Heavy Equipment,Overheating,High,Resolved,2026-02-10,2026-02-12,Richard Jimenez
M-00687,AF-0330,Heavy Equipment,Screen flickering,High,Resolved,2026-03-07,2026-03-16,Michael Johnson
M-00688,AF-0330,Heavy Equipment,Noisy compressor,High,Pending,2026-03-28,,
M-00689,AF-0332,Heavy Equipment,AC not cooling,Low,Approved,2026-06-03,,
M-00690,AF-0332,Heavy Equipment,Not turning on,Low,Resolved,2026-06-27,2026-07-12,Paul Thomas
M-00691,AF-0333,Electronics,Screen flickering,Medium,Pending,2026-05-19,,
M-00692,AF-0333,Electronics,Not turning on,Low,Resolved,2026-06-30,2026-07-10,James Daniels
M-00693,AF-0335,Heavy Equipment,Parts worn out,Low,In Progress,2026-03-04,,Steven Wright
M-00694,AF-0335,Heavy Equipment,Battery not charging,Medium,Resolved,2026-07-04,2026-07-05,Adam Villegas
M-00695,AF-0335,Heavy Equipment,Physical damage,Medium,Technician Assigned,2026-02-14,,Janice Proctor
M-00696,AF-0336,Vehicles,Parts worn out,High,Resolved,2026-06-05,2026-06-11,Zachary Gonzalez
M-00697,AF-0336,Vehicles,Not turning on,Medium,Approved,2026-04-02,,
M-00698,AF-0336,Vehicles,Screen flickering,Low,Resolved,2026-06-13,2026-06-30,Anna Wade
M-00699,AF-0336,Vehicles,Overheating,Medium,Approved,2026-06-25,,
M-00700,AF-0336,Vehicles,Not turning on,Critical,Approved,2025-11-30,,
M-00701,AF-0336,Vehicles,Screen flickering,Medium,In Progress,2026-04-14,,James Ali
M-00702,AF-0337,Heavy Equipment,Motor failure,Medium,Resolved,2025-12-30,2026-01-03,Caitlin Chandler
M-00703,AF-0337,Heavy Equipment,Leaking fluid,High,Resolved,2026-01-13,2026-01-20,Krista Martinez
M-00704,AF-0337,Heavy Equipment,Software crash,Medium,Resolved,2026-06-17,2026-06-18,Mr. Isaac Williams
M-00705,AF-0337,Heavy Equipment,Noisy compressor,Critical,Rejected,2026-05-28,,
M-00706,AF-0338,Electronics,Motor failure,Medium,Resolved,2026-06-19,2026-07-08,Valerie Young
M-00707,AF-0341,IT Peripherals,Noisy compressor,Medium,Resolved,2025-07-19,2025-08-06,Adrian Bauer
M-00708,AF-0341,IT Peripherals,Unusual vibration,High,Resolved,2022-03-19,2022-03-21,Jennifer Sanchez
M-00709,AF-0342,Heavy Equipment,Unusual vibration,Low,Technician Assigned,2026-05-04,,Lauren Vazquez
M-00710,AF-0342,Heavy Equipment,Parts worn out,High,Technician Assigned,2025-12-30,,Brittney Townsend
M-00711,AF-0343,HVAC/Appliances,Software crash,Medium,Technician Assigned,2026-05-21,,Jonathan Parks
M-00712,AF-0343,HVAC/Appliances,Physical damage,Low,In Progress,2026-05-26,,Wayne Malone
M-00713,AF-0343,HVAC/Appliances,Noisy compressor,Low,Resolved,2026-05-03,2026-05-20,Henry Moore
M-00714,AF-0344,HVAC/Appliances,Unusual vibration,Critical,Resolved,2024-12-09,2024-12-27,Ashley Freeman
M-00715,AF-0344,HVAC/Appliances,Software crash,High,Technician Assigned,2025-05-31,,Justin Newman
M-00716,AF-0344,HVAC/Appliances,Battery not charging,Medium,Rejected,2026-05-29,,
M-00717,AF-0345,HVAC/Appliances,Physical damage,Low,Approved,2026-07-11,,
M-00718,AF-0346,Heavy Equipment,Not turning on,Low,Resolved,2025-11-18,2025-11-27,Steven Quinn
M-00719,AF-0346,Heavy Equipment,Motor failure,Medium,Pending,2026-02-25,,
M-00720,AF-0347,Electronics,AC not cooling,High,Approved,2025-03-24,,
M-00721,AF-0349,Electronics,Software crash,Critical,Approved,2026-06-24,,
M-00722,AF-0349,Electronics,Overheating,Low,Resolved,2026-01-23,2026-02-02,James Ramsey
